Course,ID,Type
Flight Mechanics,101104061,Core
Flight Mechanics,101104062,Core
Flight Mechanics,101104069,Core
Flight Mechanics,101101083,Core
Flight Mechanics,101104066,Core
Flight Mechanics,101101079,Core
Flight Mechanics,101105089,Core
Flight Mechanics,101104330,Core
Flight Mechanics,127108778,Core
Food Process Engineering,126105548,Core
Food Process Engineering,126105011,Core
Food Process Engineering,126105018,Core
Food Process Engineering,126105015,Core
Food Process Engineering,126105013,Core
Food Process Engineering,126105336,Core
Integrated Soil and Water Management,126103022,Core
Integrated Soil and Water Management,126105016,Core
Integrated Soil and Water Management,126105012,Core
Integrated Soil and Water Management,126105010,Core
Architectural Theory,124105003,Core
Architectural Theory,124107005,Core
Architectural Theory,124107004,Core
Architectural Theory,124105001,Core
Architectural Theory,124107161,Core
Architectural Theory,124107815,Core
Architectural Theory,124106814,Core
Building Services,124105004,Core
Building Services,105107156,Core
Building Services,105102176,Core
Building Services,105106491,Core
Building Services,124105015,Core
Building Services,124107012,Core
Sustainable Architecture,124105552,Core
Sustainable Architecture,124107160,Core
Sustainable Architecture,124106157,Core
Sustainable Architecture,124107011,Core
Sustainable Architecture,105102195,Core
Sustainable Architecture,124106813,Core
Sustainable Architecture,124107816,Core
Materials and Construction Building Services,105106206,Core
Materials and Construction Building Services,124105013,Core
Materials and Construction Building Services,124106455,Core
Materials and Construction Building Services,105102195,Core
Materials and Construction Building Services,105106177,Core
Urban Planning Building Services,124107158,Core
Urban Planning Building Services,124105016,Core
Urban Planning Building Services,124107001,Core
Urban Planning Building Services,109105185,Core
Urban Planning Building Services,105105202,Core
Urban Planning Building Services,124107007,Core
Urban Infrastructure Planning and Management,105106188,Core
Urban Infrastructure Planning and Management,109106089,Core
Urban Infrastructure Planning and Management,105106149,Core
Urban Infrastructure Planning and Management,124105163,Core
Urban Infrastructure Planning and Management,105105204,Core
Bioprocesses,102105064,Core
Bioprocesses,102106086,Core
Bioprocesses,102103672,Core
Bioprocesses,102106673,Core
Bioprocesses,102106022,Core
Bioprocesses,102106069,Core
Bioprocesses,102106083,Core
Bioengineering,102101068,Core
Bioengineering,102104059,Core
Bioengineering,102106057,Core
Bioengineering,102106340,Core
Bioengineering,102106670,Core
Biosciences,104105076,Core
Biosciences,102106087,Core
Biosciences,102107086,Core
Biosciences,102103341,Core
Biosciences,102108086,Core
Biosciences,102106096,Core
Biosciences,102103091,Core
Biosciences,102106343,Core
Biosciences,102105554,Core
Biosciences,102106456,Core
Computational Biology,102106065,Core
Computational Biology,106106145,Core
Computational Biology,103106118,Core
Computational Biology,111104100,Core
Computational Biology,102105099,Core
Computational Biology,102106339,Core
Computational Biology,102106456,Core
Minor 1,103103165,Core
Minor 1,103105209,Core
Minor 1,103103153,Core
Minor 1,103104151,Core
Minor 1,103103144,Core
Minor 1,103105127,Core
Computational Chemical Engineering,127106019,Core
Computational Chemical Engineering,103106148,Core
Computational Chemical Engineering,103101142,Core
Energy and Environment,103106162,Core
Energy and Environment,121106014,Core
Energy and Environment,103103206,Core
Energy and Environment,103107215,Core
Minor 2,103103165,Core
Minor 2,103105209,Core
Minor 2,103103153,Core
Minor 2,103104151,Core
Minor 2,103103144,Core
Minor 2,103105127,Core
Minor 3,103103165,Core
Minor 3,103105209,Core
Minor 3,103103153,Core
Minor 3,103104151,Core
Minor 3,103103144,Core
Minor 3,103105127,Core
Polymers and Colloidal Materials,105106205,Core
Polymers and Colloidal Materials,105106204,Core
Construction Materials Technology,105102012,Core
Construction Materials Technology,105106176,Core
Construction Materials Technology,105106053,Core
Construction Materials Technology,105106206,Core
Construction Materials Technology,105103685,Core
Construction Materials Technology,127108778,Core
Structural Analysis,112106180,Core
Structural Analysis,105104160,Core
Structural Analysis,105105166,Core
Structural Analysis,105105180,Core
Structural Analysis,105106151,Core
Structural Analysis,105101209,Core
Structural Analysis,112106319,Core
Structural Analysis,105103684,Core
Structural Analysis,105102688,Core
Structural Analysis,127108778,Core
Structural Analysis,105106828,Core
Structural Design,112106180,Core
Structural Design,105104160,Core
Structural Design,105105166,Core
Structural Design,105105105,Core
Structural Design,105105162,Core
Structural Design,127108778,Core
Environment,105107173,Core
Environment,105107176,Core
Environment,105105160,Core
Environment,105105157,Core
Environment,105105178,Core
Environment,105107207,Core
Environment,105107213,Core
Environment,124105552,Core
Environment,127108778,Core
Artificial Intelligence,106106226,Core
Artificial Intelligence,106102220,Core
Artificial Intelligence,106106140,Core
Artificial Intelligence,106106145,Core
Artificial Intelligence,106106212,Core
Artificial Intelligence,106105152,Core
Artificial Intelligence,106106139,Core
Artificial Intelligence,106108841,Core
Data Science,106106212,Core
Data Science,106106145,Core
Data Science,110106072,Core
Data Science,106106179,Core
Data Science,106107220,Core
Data Science,106105152,Core
Data Science,106106139,Core
Data Science,106108841,Core
Programming,106106145,Core
Programming,106105225,Core
Programming,106105151,Core
Programming,106105234,Core
Programming,106101208,Core
Programming,106105191,Core
Programming,106105224,Core
Programming,106107574,Core
Programming,106105175,Core
Programming,106106220,Core
Foundations of Computing,111106086,Core
Foundations of Computing,106106183,Core
Foundations of Computing,106103205,Core
Foundations of Computing,106108227,Core
Foundations of Computing,106104573,Core
Foundations of Computing,106106131,Core
Foundations of Computing,106106145,Core
Foundations of Computing,106104148,Core
Foundations of Computing,106108468,Core
Systems,106105190,Core
Systems,106106144,Core
Systems,106102132,Core
Systems,106105214,Core
Systems,106105183,Core
Systems,106106220,Core
Cyber Security,106105162,Core
Cyber Security,To,Core
Cyber Security,Be,Core
Cyber Security,Developed,Core
Cyber Security,106106144,Core
Cyber Security,106102132,Core
Cyber Security,106105214,Core
VLSI design,117106108,Core
VLSI design,108104139,Core
VLSI design,108105159,Core
VLSI design,108106084,Core
VLSI design,108102112,Core
VLSI design,108101094,Core
VLSI design,108105158,Core
VLSI design,108107142,Core
VLSI design,108105132,Core
VLSI design,108105113,Core
VLSI design,108108122,Core
VLSI design,108108112,Core
VLSI design,108106181,Core
VLSI design,108105102,Core
VLSI design,108106188,Core
VLSI design,108104193,Core
VLSI design,117108486,Core
VLSI design,108106480,Core
VLSI design,108107870,Core
Communication and Signal Processing,108104100,Core
Communication and Signal Processing,108106163,Core
Communication and Signal Processing,108106151,Core
Communication and Signal Processing,117105134,Core
Communication and Signal Processing,108101174,Core
Communication and Signal Processing,108106083,Core
Communication and Signal Processing,108104091,Core
Communication and Signal Processing,108104098,Core
Communication and Signal Processing,108102120,Core
Communication and Signal Processing,108101113,Core
Communication and Signal Processing,108106171,Core
Communication and Signal Processing,117105148,Core
Communication and Signal Processing,117105149,Core
Communication and Signal Processing,108103864,Core
Power Systems and Power Electronics,117106108,Core
Power Systems and Power Electronics,108104139,Core
Power Systems and Power Electronics,108105159,Core
Power Systems and Power Electronics,108105017,Core
Power Systems and Power Electronics,108102146,Core
Power Systems and Power Electronics,108105155,Core
Power Systems and Power Electronics,108105131,Core
Power Systems and Power Electronics,108105104,Core
Power Systems and Power Electronics,117105140,Core
Power Systems and Power Electronics,108101126,Core
Power Systems and Power Electronics,108102145,Core
Power Systems and Power Electronics,108106480,Core
Control and Instrumentation,108104100,Core
Control and Instrumentation,108106163,Core
Control and Instrumentation,117106108,Core
Control and Instrumentation,108104139,Core
Control and Instrumentation,108105159,Core
Control and Instrumentation,108106098,Core
Control and Instrumentation,107106081,Core
Control and Instrumentation,108105153,Core
Control and Instrumentation,108106084,Core
Control and Instrumentation,108102112,Core
Control and Instrumentation,108101094,Core
Control and Instrumentation,108105158,Core
Control and Instrumentation,108107142,Core
Control and Instrumentation,108105102,Core
Control and Instrumentation,108106171,Core
Control and Instrumentation,108102191,Core
Control and Instrumentation,108106480,Core
Control and Instrumentation,108103862,Core
Photonics,108106135,Core
Photonics,108106161,Core
Photonics,108104099,Core
Photonics,108106157,Core
Faculty Domain - Fundamental,121106012,Core
Faculty Domain - Fundamental,110105097,Core
Faculty Domain - Fundamental,102104061,Core
Faculty Domain - Fundamental,109107172,Core
Faculty Domain - Fundamental,121107451,Core
Faculty Domain - Fundamental,127108005,Core
Faculty Domain - Fundamental,127108015,Core
Faculty Domain - Fundamental,127105017,Core
Faculty Domain - Fundamental,121105010,Core
Faculty Domain - Fundamental,127108135,Core
Faculty Domain - Fundamental,127108781,Core
Faculty Domain - Fundamental,127108871,Core
Faculty Domain - Advanced,121106012,Core
Faculty Domain - Advanced,110105097,Core
Faculty Domain - Advanced,102104061,Core
Faculty Domain - Advanced,121107451,Core
Faculty Domain - Advanced,127108005,Core
Faculty Domain - Advanced,127108015,Core
Faculty Domain - Advanced,127105017,Core
Faculty Domain - Advanced,121105010,Core
Faculty Domain - Advanced,127108135,Core
Faculty Domain - Advanced,127108871,Core
Economics,109104125,Core
Economics,110104093,Core
Economics,110105093,Core
Economics,130106001,Core
Economics,109104182,Core
Economics,110105153,Core
Economics,110107153,Core
Economics,110106165,Core
Economics,110103093,Core
Economics,110104918,Core
Marketing,110104068,Core
Marketing,110104070,Core
Marketing,110105074,Core
Marketing,110107080,Core
Operations,111106112,Core
Operations,110104094,Core
Operations,110106062,Core
Operations,126105663,Core
Operations,110106045,Core
Operations,110106072,Core
Operations,110107114,Core
Operations,110107430,Core
Operations,110105755,Core
Managerial Economics,110105075,Core
Managerial Economics,110101149,Core
Managerial Economics,109104125,Core
Managerial Economics,110104093,Core
Managerial Economics,110107509,Core
Minor,110106062,Core
Minor,110104068,Core
Minor,110106045,Core
Minor,110101131,Core
Minor,110106135,Core
Minor,110106147,Core
Minor,110105146,Core
Minor,110107150,Core
Patents and Intellectual Property Rights,110106081,Core
Patents and Intellectual Property Rights,110105140,Core
Patents and Intellectual Property Rights,109106128,Core
Patents and Intellectual Property Rights,127105008,Core
Economics & Finance,109104125,Core
Economics & Finance,110104093,Core
Economics & Finance,112107260,Core
Economics & Finance,110105144,Core
Economics & Finance,110106511,Core
Economics & Finance,110104918,Core
Human Resource Management,110105069,Core
Human Resource Management,110107151,Core
Human Resource Management,110107921,Core
Human Resource Management,110103433,Core
Human Resource Management,110106145,Core
Human Resource Management,110105154,Core
Human Resource Management,110101146,Core
Computational Engineering,112106286,Core
Computational Engineering,127106019,Core
Computational Engineering,112104193,Core
Computational Engineering,101104074,Core
Computational Engineering,112103295,Core
Computational Thermo Fluids,112105269,Core
Computational Thermo Fluids,112105218,Core
Computational Thermo Fluids,112105287,Core
Computational Thermo Fluids,112103302,Core
Computational Thermo Fluids,112106768,Core
Computational Thermo Fluids,101104808,Core
Computational Thermo Fluids,103108123,Core
Computational Thermo Fluids,112104313,Core
Computational Thermo Fluids,112105771,Core
Computational Thermo Fluids,112101907,Core
Computational Thermo Fluids,111107105,Core
Computational Thermo Fluids,103106119,Core
Computational Thermo Fluids,112106186,Core
Computational Thermo Fluids,112103289,Core
Computational Thermo Fluids,112106294,Core
Computational Thermo Fluids,112104302,Core
Computational Thermo Fluids,103105679,Core
Computational Thermo Fluids,101104450,Core
Advanced Mechanics,112106286,Core
Advanced Mechanics,112102284,Core
Advanced Mechanics,112106912,Core
Advanced Mechanics,112105197,Core
Advanced Mechanics,112107212,Core
Advanced Mechanics,101105081,Core
Advanced Mechanics,112104193,Core
Advanced Mechanics,112104205,Core
Advanced Mechanics,112103295,Core
Advanced Mechanics,112106293,Core
Propulsion,127106135,Core
Propulsion,112106290,Core
Propulsion,101104070,Core
Propulsion,101104072,Core
Propulsion,112106299,Core
Propulsion,112103313,Core
Propulsion,112103281,Core
Propulsion,112105909,Core
Propulsion,101106082,Core
Propulsion,112103275,Core
Propulsion,112103307,Core
Propulsion,105103192,Core
Propulsion,101104808,Core
Energy Systems,127106135,Core
Energy Systems,112103275,Core
Energy Systems,112103307,Core
Energy Systems,112106200,Core
Energy Systems,112105771,Core
Energy Systems,103105140,Core
Energy Systems,103101137,Core
Energy Systems,112105271,Core
Energy Systems,103108123,Core
Energy Systems,112103276,Core
Energy Systems,112104313,Core
Energy Systems,112101907,Core
Energy Systems,112107291,Core
Manufacturing Processes and Technology,112104195|112104204,Core
Manufacturing Processes and Technology,112107239,Core
Manufacturing Processes and Technology,112104304,Core
Manufacturing Processes and Technology,112104188|112104189,Core
Manufacturing Processes and Technology,112103248,Core
Manufacturing Processes and Technology,108105088,Core
Manufacturing Processes and Technology,112103293,Core
Product Design,112107258,Core
Product Design,112107217,Core
Product Design,112104230,Core
Product Design,112104228,Core
Product Design,112106293,Core
Product Design,112104304,Core
Advanced Dynamics and Vibration,112106286,Core
Advanced Dynamics and Vibration,112105197,Core
Advanced Dynamics and Vibration,112107212,Core
Advanced Dynamics and Vibration,112105304,Core
Advanced Dynamics and Vibration,112103300,Core
Computational Mechanics,112106286,Core
Computational Mechanics,127106019,Core
Computational Mechanics,112104193,Core
Computational Mechanics,112105308,Core
Computational Mechanics,101104074,Core
Computational Mechanics,112103295,Core
Computational Mechanics,112106912,Core
Robotics,107106090,Core
Robotics,112105249,Core
Robotics,112105236,Core
Robotics,112107289,Core
Robotics,112104298,Core
Robotics,112106304,Core
Robotics,112104620,Core
Robotics,112106298,Core
Materials Joining,112107257,Core
Materials Joining,113107092,Core
Materials Joining,113106087,Core
Materials Joining,112107213,Core
Electronic Materials,113106039,Core
Electronic Materials,113106062,Core
Electronic Materials,113106065,Core
Electronic Materials,108108122,Core
Materials Characterization,112106227,Core
Materials Characterization,113106069,Core
Materials Characterization,113106924,Core
Materials Characterization,113106064,Core
Materials Characterization,113105101,Core
Minor in Metallurgy,113105098,Core
Minor in Metallurgy,113101098,Core
Minor in Metallurgy,113106101,Core
Minor in Metallurgy,113106034,Core
Minor in Metallurgy,113102080,Core
Minor in Metallurgy,113106109,Core
Minor in Metallurgy,113105441,Core
Minor in Metallurgy,113104517,Core
Minor in Metallurgy,113108922,Core
Minor in Materials Science,113102080,Core
Minor in Materials Science,113104076,Core
Minor in Materials Science,112104248,Core
Minor in Materials Science,113106109,Core
Minor in Materials Science,113106034,Core
Minor in Materials Science,113101098,Core
Minor in Materials Science,113104096,Core
Foundations of Mathematics,111106146,Core
Foundations of Mathematics,111103764,Core
Foundations of Mathematics,111106135,Core
Foundations of Mathematics,111104137,Core
Algebra,111106135,Core
Algebra,111104137,Core
Algebra,111106113,Core
Algebra,111106131,Core
Algebra,111106763,Core
English Studies,109106136,Core
English Studies,109106171,Core
English Studies,109106084,Core
English Studies,109104135,Core
English Studies,109106149,Core
English Studies,109106146,Core
English Studies,109103122,Core
English Studies,109106124,Core
English Studies,109106503,Core
English Studies,109106600,Core
English Studies,109106594,Core
English Studies,109106733,Core
English Studies,109106737,Core
English Studies,109107739,Core
English Studies,109107730,Core
Psychology,109104105,Core
Psychology,109102157,Core
Psychology,109103142,Core
Psychology,109103134,Core
Psychology,109104126,Core
Psychology,109104171,Core
Psychology,109104607,Core
Psychology,109107740,Core
Psychology,109103736,Core
Sports Science,109106404,Core
Sports Science,109106405,Core
Sports Science,109106406,Core
Sports Science,109106402,Core
Sports Science,109106403,Core
Sports Science,109106797,Core
Sustainable Surface Mining Engineering,123105007,Core
Sustainable Surface Mining Engineering,123105005,Core
Sustainable Surface Mining Engineering,123105003,Core
Flight Mechanics,101108068,Elective
Flight Mechanics,101105083,Elective
Flight Mechanics,101104083,Elective
Flight Mechanics,101104084,Elective
Flight Mechanics,101101086,Elective
Flight Mechanics,127101530,Elective
Flight Mechanics,117106483,Elective
Flight Mechanics,101104545,Elective
Flight Mechanics,101108661,Elective
Flight Mechanics,108106722,Elective
Flight Mechanics,101104796,Elective
Flight Mechanics,101101805,Elective
Flight Mechanics,101104807,Elective
Food Process Engineering,126105550,Elective
Food Process Engineering,126105023,Elective
Food Process Engineering,126105027,Elective
Food Process Engineering,126105025,Elective
Food Process Engineering,126105008,Elective
Food Process Engineering,126105020,Elective
Food Process Engineering,126105549,Elective
Integrated Soil and Water Management,126105334,Elective
Integrated Soil and Water Management,126105021,Elective
Integrated Soil and Water Management,126105019,Elective
Integrated Soil and Water Management,126105024,Elective
Integrated Soil and Water Management,126105335,Elective
Integrated Soil and Water Management,124105014,Elective
Architectural Theory,124107162,Elective
Architectural Theory,124106009,Elective
Architectural Theory,124107338,Elective
Architectural Theory,124107011,Elective
Architectural Theory,107103857,Elective
Building Services,105102175,Elective
Building Services,124107338,Elective
Sustainable Architecture,105105157,Elective
Sustainable Architecture,109106161,Elective
Sustainable Architecture,124106454,Elective
Sustainable Architecture,124106551,Elective
Sustainable Architecture,109101171,Elective
Sustainable Architecture,130106113,Elective
Sustainable Architecture,124105812,Elective
Materials and Construction Building Services,105106053,Elective
Urban Planning Building Services,105105204,Elective
Urban Planning Building Services,105105208,Elective
Urban Planning Building Services,124105158,Elective
Urban Planning Building Services,105103205,Elective
Urban Planning Building Services,124107338,Elective
Urban Planning Building Services,124105665,Elective
Urban Planning Building Services,124107816,Elective
Urban Planning Building Services,127106875,Elective
Urban Infrastructure Planning and Management,105105160,Elective
Urban Infrastructure Planning and Management,105107210,Elective
Urban Infrastructure Planning and Management,124107338,Elective
Urban Infrastructure Planning and Management,124105811,Elective
Urban Infrastructure Planning and Management,124105812,Elective
Bioprocesses,102106080,Elective
Bioprocesses,102104057,Elective
Bioprocesses,102105086,Elective
Bioprocesses,102103074,Elective
Bioprocesses,102106082,Elective
Bioprocesses,102103083,Elective
Bioprocesses,127103225,Elective
Bioprocesses,102105088,Elective
Bioprocesses,102105342,Elective
Bioprocesses,126105337,Elective
Bioprocesses,102103555,Elective
Bioprocesses,103105679,Elective
Bioprocesses,127108778,Elective
Bioprocesses,102106818,Elective
Bioengineering,102106081,Elective
Bioengineering,102108077,Elective
Bioengineering,102105068,Elective
Bioengineering,102101058,Elective
Bioengineering,102107058,Elective
Bioengineering,102101072,Elective
Bioengineering,102106083,Elective
Bioengineering,102103086,Elective
Bioengineering,127103225,Elective
Bioengineering,117108148,Elective
Bioengineering,102106095,Elective
Bioengineering,102106093,Elective
Bioengineering,102106098,Elective
Bioengineering,102103097,Elective
Bioengineering,102108344,Elective
Bioengineering,102106345,Elective
Bioengineering,127105391,Elective
Bioengineering,102104459,Elective
Bioengineering,127105531,Elective
Bioengineering,121108458,Elective
Bioengineering,102106457,Elective
Bioengineering,102106553,Elective
Bioengineering,102107557,Elective
Bioengineering,102106667,Elective
Bioengineering,127108778,Elective
Bioengineering,102106819,Elective
Bioengineering,102102817,Elective
Bioengineering,102106820,Elective
Biosciences,102107075,Elective
Biosciences,102104059,Elective
Biosciences,102104052,Elective
Biosciences,104105102,Elective
Biosciences,102103074,Elective
Biosciences,102101082,Elective
Biosciences,102101055,Elective
Biosciences,102103083,Elective
Biosciences,102106084,Elective
Biosciences,102105083,Elective
Biosciences,102105089,Elective
Biosciences,117108148,Elective
Biosciences,102103093,Elective
Biosciences,102106097,Elective
Biosciences,102103097,Elective
Biosciences,109106198,Elective
Biosciences,102104099,Elective
Biosciences,102106345,Elective
Biosciences,102106553,Elective
Biosciences,102106752,Elective
Biosciences,102108668,Elective
Biosciences,102106751,Elective
Biosciences,102106667,Elective
Biosciences,127108778,Elective
Biosciences,102106818,Elective
Biosciences,102106821,Elective
Computational Biology,102106068,Elective
Computational Biology,102106070,Elective
Computational Biology,102103056,Elective
Computational Biology,102101076,Elective
Computational Biology,106105230,Elective
Computational Biology,102105100,Elective
Computational Biology,102103092,Elective
Computational Biology,127105391,Elective
Computational Biology,102106457,Elective
Computational Biology,102104056,Elective
Computational Biology,102105556,Elective
Computational Biology,106108571,Elective
Computational Biology,103101568,Elective
Computational Biology,103106681,Elective
Computational Biology,127108778,Elective
Minor 1,103103145,Elective
Minor 1,103103154,Elective
Minor 1,103103155,Elective
Minor 1,103101137,Elective
Minor 1,103105140,Elective
Minor 1,103103221,Elective
Minor 1,103105461,Elective
Minor 1,127105531,Elective
Minor 1,112108615,Elective
Minor 1,103107676,Elective
Computational Chemical Engineering,103105139,Elective
Computational Chemical Engineering,103106119,Elective
Computational Chemical Engineering,103102352,Elective
Computational Chemical Engineering,127106225,Elective
Computational Chemical Engineering,103103164,Elective
Computational Chemical Engineering,103103209,Elective
Computational Chemical Engineering,103105215,Elective
Computational Chemical Engineering,103105220,Elective
Computational Chemical Engineering,103103675,Elective
Energy and Environment,103107125,Elective
Energy and Environment,103107157,Elective
Energy and Environment,112105221,Elective
Energy and Environment,109106161,Elective
Energy and Environment,103108162,Elective
Energy and Environment,103103207,Elective
Energy and Environment,113105102,Elective
Energy and Environment,115105127,Elective
Energy and Environment,103107212,Elective
Energy and Environment,103101215,Elective
Energy and Environment,127106004,Elective
Energy and Environment,103103222,Elective
Energy and Environment,127103236,Elective
Energy and Environment,112106318,Elective
Energy and Environment,109107397,Elective
Energy and Environment,103105460,Elective
Energy and Environment,120108558,Elective
Energy and Environment,120105559,Elective
Energy and Environment,103105680,Elective
Energy and Environment,115102794,Elective
Energy and Environment,105105731,Elective
Energy and Environment,103105837,Elective
Minor 2,103106148,Elective
Minor 2,103105166,Elective
Minor 2,103107156,Elective
Minor 2,103107207,Elective
Minor 2,103105210,Elective
Minor 2,103107211,Elective
Minor 2,103105216,Elective
Minor 2,103103217,Elective
Minor 2,127101530,Elective
Minor 2,103105782,Elective
Minor 3,103105128,Elective
Minor 3,103106159,Elective
Minor 3,103108220,Elective
Minor 3,103106158,Elective
Minor 3,127103225,Elective
Minor 3,103105353,Elective
Minor 3,103107208,Elective
Minor 3,103101209,Elective
Minor 3,103105216,Elective
Minor 3,103107220,Elective
Minor 3,104101139,Elective
Minor 3,103103355,Elective
Minor 3,103104569,Elective
Minor 3,103106570,Elective
Minor 3,102106673,Elective
Minor 3,103105677,Elective
Minor 3,103105679,Elective
Minor 3,103105836,Elective
Minor 3,103108834,Elective
Polymers and Colloidal Materials,103103139,Elective
Polymers and Colloidal Materials,103107139,Elective
Polymers and Colloidal Materials,112107221,Elective
Polymers and Colloidal Materials,112104221,Elective
Polymers and Colloidal Materials,113105077,Elective
Polymers and Colloidal Materials,105105184,Elective
Polymers and Colloidal Materials,103106131,Elective
Polymers and Colloidal Materials,103107206,Elective
Polymers and Colloidal Materials,102107557,Elective
Polymers and Colloidal Materials,103107676,Elective
Polymers and Colloidal Materials,103105795,Elective
Polymers and Colloidal Materials,103101786,Elective
Polymers and Colloidal Materials,102106820,Elective
Construction Materials Technology,105104157,Elective
Construction Materials Technology,105106187,Elective
Construction Materials Technology,105106200,Elective
Construction Materials Technology,105106202,Elective
Construction Materials Technology,105102195,Elective
Construction Materials Technology,124105013,Elective
Construction Materials Technology,105104206,Elective
Construction Materials Technology,124107160,Elective
Construction Materials Technology,105106225,Elective
Construction Materials Technology,124106455,Elective
Construction Materials Technology,112102773,Elective
Structural Analysis,105106172,Elective
Structural Analysis,105105177,Elective
Structural Analysis,105107209,Elective
Structural Analysis,105105200,Elective
Structural Analysis,105103207,Elective
Structural Analysis,105105217,Elective
Structural Analysis,105105224,Elective
Structural Analysis,105105690,Elective
Structural Analysis,105104693,Elective
Structural Analysis,112102773,Elective
Structural Analysis,112106912,Elective
Structural Analysis,105104825,Elective
Structural Design,105106197,Elective
Structural Design,105105216,Elective
Structural Design,105105213,Elective
Structural Design,105106216,Elective
Structural Design,105105224,Elective
Structural Design,105104224,Elective
Structural Design,105106224,Elective
Structural Design,105106564,Elective
Structural Design,105106686,Elective
Structural Design,105103687,Elective
Structural Design,112102773,Elective
Structural Design,105106830,Elective
Environment,105105169,Elective
Environment,105102175,Elective
Environment,105107181,Elective
Environment,105106145,Elective
Environment,105105184,Elective
Environment,105107206,Elective
Environment,105101206,Elective
Environment,124107160,Elective
Environment,105101213,Elective
Environment,105101214,Elective
Environment,105101215,Elective
Environment,109105203,Elective
Environment,124106551,Elective
Environment,105106694,Elective
Environment,105106707,Elective
Environment,105105731,Elective
Environment,112102773,Elective
Environment,105106829,Elective
Environment,105106831,Elective
Artificial Intelligence,106106184,Elective
Artificial Intelligence,106105215,Elective
Artificial Intelligence,106106224,Elective
Artificial Intelligence,106106143,Elective
Artificial Intelligence,106106158,Elective
Artificial Intelligence,106105216,Elective
Artificial Intelligence,106105158,Elective
Artificial Intelligence,106106211,Elective
Artificial Intelligence,106106213,Elective
Artificial Intelligence,106106244,Elective
Artificial Intelligence,106101360,Elective
Artificial Intelligence,106106472,Elective
Artificial Intelligence,106106849,Elective
Artificial Intelligence,106108571,Elective
Artificial Intelligence,108105572,Elective
Artificial Intelligence,106106575,Elective
Artificial Intelligence,106102576,Elective
Artificial Intelligence,106108705,Elective
Artificial Intelligence,106103843,Elective
Artificial Intelligence,106108840,Elective
Data Science,106106184,Elective
Data Science,106105215,Elective
Data Science,106106224,Elective
Data Science,106106143,Elective
Data Science,106106226,Elective
Data Science,106102220,Elective
Data Science,106106140,Elective
Data Science,106105216,Elective
Data Science,106105158,Elective
Data Science,106106211,Elective
Data Science,106106213,Elective
Data Science,106101224,Elective
Data Science,106104233,Elective
Data Science,106104356,Elective
Data Science,106101360,Elective
Data Science,106106361,Elective
Data Science,110104513,Elective
Data Science,106108571,Elective
Data Science,108105572,Elective
Data Science,106102576,Elective
Data Science,106108700,Elective
Data Science,106106853,Elective
Data Science,106108840,Elective
Data Science,106106849,Elective
Programming,106106179,Elective
Programming,106105167,Elective
Programming,106105166,Elective
Programming,106105152,Elective
Programming,106106139,Elective
Programming,106106222,Elective
Programming,106106575,Elective
Programming,106106579,Elective
Programming,106104697,Elective
Programming,106108703,Elective
Foundations of Computing,106103187,Elective
Foundations of Computing,106103188,Elective
Foundations of Computing,106104149,Elective
Foundations of Computing,111106102,Elective
Foundations of Computing,106102011,Elective
Foundations of Computing,106104221,Elective
Foundations of Computing,106106221,Elective
Foundations of Computing,106103224,Elective
Foundations of Computing,106104227,Elective
Foundations of Computing,106106229,Elective
Foundations of Computing,106108229,Elective
Foundations of Computing,106106230,Elective
Foundations of Computing,106104233,Elective
Foundations of Computing,106104469,Elective
Foundations of Computing,106105471,Elective
Foundations of Computing,106108482,Elective
Foundations of Computing,106106698,Elective
Foundations of Computing,106108700,Elective
Foundations of Computing,106108702,Elective
Foundations of Computing,106105704,Elective
Systems,106105167,Elective
Systems,106106199,Elective
Systems,106102163,Elective
Systems,106105166,Elective
Systems,106103183,Elective
Systems,106105162,Elective
Systems,106103206,Elective
Systems,106102229,Elective
Systems,106105217,Elective
Systems,106104220,Elective
Systems,106105184,Elective
Systems,106105220,Elective
Systems,106103229,Elective
Systems,106105229,Elective
Systems,106101238,Elective
Systems,106104242,Elective
Systems,106101234,Elective
Systems,106104467,Elective
Systems,106106575,Elective
Systems,106106699,Elective
Cyber Security,106105183,Elective
Cyber Security,106105194,Elective
Cyber Security,106105217,Elective
Cyber Security,106106146,Elective
Cyber Security,106106199,Elective
Cyber Security,106106221,Elective
Cyber Security,106108229,Elective
Cyber Security,106106234,Elective
Cyber Security,106106235,Elective
Cyber Security,106105235,Elective
Cyber Security,106108237,Elective
Cyber Security,106106241,Elective
Cyber Security,106106248,Elective
Cyber Security,106104467,Elective
VLSI design,106105165,Elective
VLSI design,106105161,Elective
VLSI design,108106149,Elective
VLSI design,108106158,Elective
VLSI design,108106159,Elective
VLSI design,108103157,Elective
VLSI design,108106174,Elective
VLSI design,108103179,Elective
VLSI design,117106148,Elective
VLSI design,117106149,Elective
VLSI design,117107149,Elective
VLSI design,108106184,Elective
VLSI design,108105187,Elective
VLSI design,108105188,Elective
VLSI design,108106191,Elective
VLSI design,108103378,Elective
VLSI design,108107379,Elective
VLSI design,108107380,Elective
VLSI design,117107485,Elective
VLSI design,127105531,Elective
VLSI design,108102481,Elective
VLSI design,108107586,Elective
VLSI design,108105713,Elective
VLSI design,117107724,Elective
VLSI design,117103726,Elective
VLSI design,117104727,Elective
VLSI design,108106869,Elective
Communication and Signal Processing,117104129,Elective
Communication and Signal Processing,108104092,Elective
Communication and Signal Processing,108108168,Elective
Communication and Signal Processing,106106167,Elective
Communication and Signal Processing,117105135,Elective
Communication and Signal Processing,108106168,Elective
Communication and Signal Processing,108106136,Elective
Communication and Signal Processing,108105154,Elective
Communication and Signal Processing,108103158,Elective
Communication and Signal Processing,108106179,Elective
Communication and Signal Processing,108105179,Elective
Communication and Signal Processing,108108181,Elective
Communication and Signal Processing,108101185,Elective
Communication and Signal Processing,108108185,Elective
Communication and Signal Processing,108106189,Elective
Communication and Signal Processing,108104192,Elective
Communication and Signal Processing,108103191,Elective
Communication and Signal Processing,108105191,Elective
Communication and Signal Processing,108103192,Elective
Communication and Signal Processing,108101371,Elective
Communication and Signal Processing,108101373,Elective
Communication and Signal Processing,117104484,Elective
Communication and Signal Processing,106101466,Elective
Communication and Signal Processing,106108482,Elective
Communication and Signal Processing,108106478,Elective
Communication and Signal Processing,108102481,Elective
Communication and Signal Processing,106102576,Elective
Communication and Signal Processing,108101585,Elective
Communication and Signal Processing,108106588,Elective
Communication and Signal Processing,106108700,Elective
Communication and Signal Processing,117103725,Elective
Communication and Signal Processing,108104866,Elective
Power Systems and Power Electronics,108106098,Elective
Power Systems and Power Electronics,108105153,Elective
Power Systems and Power Electronics,108107127,Elective
Power Systems and Power Electronics,108104140,Elective
Power Systems and Power Electronics,108102157,Elective
Power Systems and Power Electronics,108106159,Elective
Power Systems and Power Electronics,108106160,Elective
Power Systems and Power Electronics,117103148,Elective
Power Systems and Power Electronics,108107167,Elective
Power Systems and Power Electronics,108105167,Elective
Power Systems and Power Electronics,108107113,Elective
Power Systems and Power Electronics,108102179,Elective
Power Systems and Power Electronics,108105180,Elective
Power Systems and Power Electronics,117103149,Elective
Power Systems and Power Electronics,117107148,Elective
Power Systems and Power Electronics,108105186,Elective
Power Systems and Power Electronics,108104191,Elective
Power Systems and Power Electronics,108108191,Elective
Power Systems and Power Electronics,127103236,Elective
Power Systems and Power Electronics,108102372,Elective
Power Systems and Power Electronics,108107477,Elective
Power Systems and Power Electronics,108105479,Elective
Power Systems and Power Electronics,117103488,Elective
Power Systems and Power Electronics,108102584,Elective
Power Systems and Power Electronics,108107715,Elective
Power Systems and Power Electronics,108107716,Elective
Power Systems and Power Electronics,108102717,Elective
Power Systems and Power Electronics,108104720,Elective
Control and Instrumentation,108106150,Elective
Control and Instrumentation,108106164,Elective
Control and Instrumentation,115108104,Elective
Control and Instrumentation,108105064,Elective
Control and Instrumentation,108108098,Elective
Control and Instrumentation,108108179,Elective
Control and Instrumentation,108108123,Elective
Control and Instrumentation,108108147,Elective
Control and Instrumentation,108103158,Elective
Control and Instrumentation,108106162,Elective
Control and Instrumentation,108108180,Elective
Control and Instrumentation,102105090,Elective
Control and Instrumentation,108101371,Elective
Control and Instrumentation,108106374,Elective
Control and Instrumentation,108105376,Elective
Control and Instrumentation,121108458,Elective
Control and Instrumentation,127101530,Elective
Control and Instrumentation,117106483,Elective
Control and Instrumentation,106101466,Elective
Control and Instrumentation,106108482,Elective
Control and Instrumentation,108106478,Elective
Control and Instrumentation,108102481,Elective
Control and Instrumentation,108101587,Elective
Control and Instrumentation,108107589,Elective
Control and Instrumentation,108105718,Elective
Control and Instrumentation,108104719,Elective
Control and Instrumentation,108106722,Elective
Control and Instrumentation,108103863,Elective
Photonics,115107122,Elective
Photonics,117104127,Elective
Photonics,108106152,Elective
Photonics,115107095,Elective
Photonics,108103141,Elective
Photonics,108108174,Elective
Photonics,127105225,Elective
Photonics,108106167,Elective
Photonics,115102103,Elective
Photonics,104108118,Elective
Photonics,104104085,Elective
Photonics,102108082,Elective
Photonics,108106173,Elective
Photonics,108106180,Elective
Photonics,108105181,Elective
Photonics,108106186,Elective
Photonics,108105189,Elective
Photonics,108106190,Elective
Photonics,108105192,Elective
Photonics,117103150,Elective
Photonics,108105375,Elective
Photonics,108103487,Elective
Photonics,108105721,Elective
Photonics,117103723,Elective
Faculty Domain - Fundamental,127101012,Elective
Faculty Domain - Fundamental,106101224,Elective
Faculty Domain - Fundamental,121106007,Elective
Faculty Domain - Fundamental,109104123,Elective
Faculty Domain - Fundamental,127101013,Elective
Faculty Domain - Fundamental,127106533,Elective
Faculty Domain - Fundamental,109107182,Elective
Faculty Domain - Fundamental,109106184,Elective
Faculty Domain - Fundamental,127106227,Elective
Faculty Domain - Fundamental,109105712,Elective
Faculty Domain - Advanced,127101010,Elective
Faculty Domain - Advanced,127101013,Elective
Faculty Domain - Advanced,109105115,Elective
Faculty Domain - Advanced,106101224,Elective
Faculty Domain - Advanced,109103153,Elective
Faculty Domain - Advanced,109105122,Elective
Faculty Domain - Advanced,110101146,Elective
Faculty Domain - Advanced,109105112,Elective
Faculty Domain - Advanced,109105176,Elective
Faculty Domain - Advanced,127107502,Elective
Faculty Domain - Advanced,109106137,Elective
Faculty Domain - Advanced,110106081,Elective
Faculty Domain - Advanced,109106128,Elective
Faculty Domain - Advanced,110107126,Elective
Faculty Domain - Advanced,110106141,Elective
Faculty Domain - Advanced,109106184,Elective
Faculty Domain - Advanced,109105190,Elective
Faculty Domain - Advanced,109103501,Elective
Faculty Domain - Advanced,109105192,Elective
Faculty Domain - Advanced,110107159,Elective
Faculty Domain - Advanced,127108780,Elective
Faculty Domain - Advanced,130105860,Elective
Economics,109106089,Elective
Economics,109106161,Elective
Economics,109101171,Elective
Economics,109107171,Elective
Economics,130106113,Elective
Economics,110104095,Elective
Economics,110101133,Elective
Economics,110104063,Elective
Economics,109106100,Elective
Economics,109103188,Elective
Economics,109103501,Elective
Economics,130107476,Elective
Economics,110104624,Elective
Economics,110107759,Elective
Economics,130104711,Elective
Economics,110104743,Elective
Economics,106106850,Elective
Economics,130106861,Elective
Marketing,110105078,Elective
Marketing,110105122,Elective
Marketing,110104117,Elective
Marketing,110107112,Elective
Marketing,110107113,Elective
Marketing,110104065,Elective
Marketing,110105145,Elective
Marketing,110105158,Elective
Marketing,110107147,Elective
Marketing,110107158,Elective
Marketing,110105157,Elective
Marketing,110104507,Elective
Marketing,110106514,Elective
Marketing,110105625,Elective
Marketing,110103917,Elective
Marketing,110105920,Elective
Marketing,110101927,Elective
Operations,110104073,Elective
Operations,110107081,Elective
Operations,110104080,Elective
Operations,110104085,Elective
Operations,110104063,Elective
Operations,110105123,Elective
Operations,110105088,Elective
Operations,110107074,Elective
Operations,110105095,Elective
Operations,110105082,Elective
Operations,110106134,Elective
Operations,110105087,Elective
Operations,110104086,Elective
Operations,110105089,Elective
Operations,110105096,Elective
Operations,110104118,Elective
Operations,110104125,Elective
Operations,110107115,Elective
Operations,110107116,Elective
Operations,110104119,Elective
Operations,110107130,Elective
Operations,110106146,Elective
Operations,110101150,Elective
Operations,110105155,Elective
Operations,110107157,Elective
Operations,110106435,Elective
Operations,110101436,Elective
Operations,110107630,Elective
Operations,127104664,Elective
Operations,110104743,Elective
Operations,110107757,Elective
Managerial Economics,110105093,Elective
Managerial Economics,130106001,Elective
Managerial Economics,109104182,Elective
Managerial Economics,110105153,Elective
Managerial Economics,110107153,Elective
Managerial Economics,110106165,Elective
Managerial Economics,110101133,Elective
Managerial Economics,110104063,Elective
Managerial Economics,110107114,Elective
Managerial Economics,110106135,Elective
Managerial Economics,110105121,Elective
Managerial Economics,110106062,Elective
Managerial Economics,110106134,Elective
Managerial Economics,109106100,Elective
Managerial Economics,110105155,Elective
Managerial Economics,110101153,Elective
Managerial Economics,109104198,Elective
Managerial Economics,110105164,Elective
Managerial Economics,110105165,Elective
Managerial Economics,110106164,Elective
Managerial Economics,110105166,Elective
Managerial Economics,110104164,Elective
Managerial Economics,123105637,Elective
Managerial Economics,110107759,Elective
Managerial Economics,130104711,Elective
Minor,110107492,Elective
Minor,127104664,Elective
Minor,110105756,Elective
Patents and Intellectual Property Rights,110105139,Elective
Patents and Intellectual Property Rights,110107094,Elective
Patents and Intellectual Property Rights,107101086,Elective
Patents and Intellectual Property Rights,109106148,Elective
Economics & Finance,110106135,Elective
Economics & Finance,110105121,Elective
Economics & Finance,111104089,Elective
Economics & Finance,111102111,Elective
Economics & Finance,110101141,Elective
Economics & Finance,110105156,Elective
Economics & Finance,110107154,Elective
Economics & Finance,110105166,Elective
Economics & Finance,110104164,Elective
Economics & Finance,110106512,Elective
Economics & Finance,110104624,Elective
Economics & Finance,110105756,Elective
Economics & Finance,110104743,Elective
Economics & Finance,110107759,Elective
Economics & Finance,130104859,Elective
Human Resource Management,110105080,Elective
Human Resource Management,110105081,Elective
Human Resource Management,110105120,Elective
Human Resource Management,110107126,Elective
Human Resource Management,110105137,Elective
Human Resource Management,109105127,Elective
Human Resource Management,122105021,Elective
Human Resource Management,109105121,Elective
Human Resource Management,109105192,Elective
Human Resource Management,110107152,Elective
Human Resource Management,110106151,Elective
Human Resource Management,110103506,Elective
Human Resource Management,110103626,Elective
Human Resource Management,110103754,Elective
Human Resource Management,110105919,Elective
Computational Engineering,112106289,Elective
Computational Engineering,112108285,Elective
Computational Engineering,112103294,Elective
Computational Engineering,112105293,Elective
Computational Engineering,112103297,Elective
Computational Engineering,112106294,Elective
Computational Engineering,112101298,Elective
Computational Engineering,112103301,Elective
Computational Engineering,112105299,Elective
Computational Engineering,127108778,Elective
Computational Engineering,112105908,Elective
Computational Thermo Fluids,112104272,Elective
Computational Thermo Fluids,112103294,Elective
Computational Thermo Fluids,112103297,Elective
Computational Thermo Fluids,112103296,Elective
Computational Thermo Fluids,112101298,Elective
Computational Thermo Fluids,112103301,Elective
Computational Thermo Fluids,112106299,Elective
Computational Thermo Fluids,112106312,Elective
Computational Thermo Fluids,112104769,Elective
Computational Thermo Fluids,127108778,Elective
Computational Thermo Fluids,112106911,Elective
Computational Thermo Fluids,112101906,Elective
Computational Thermo Fluids,101104806,Elective
Computational Thermo Fluids,112105908,Elective
Advanced Mechanics,127106019,Elective
Advanced Mechanics,112106289,Elective
Advanced Mechanics,112108285,Elective
Advanced Mechanics,112103278,Elective
Advanced Mechanics,105105177,Elective
Advanced Mechanics,112103296,Elective
Advanced Mechanics,112103298,Elective
Advanced Mechanics,112103299,Elective
Advanced Mechanics,112105304,Elective
Advanced Mechanics,112106304,Elective
Advanced Mechanics,112106065,Elective
Advanced Mechanics,112106247,Elective
Advanced Mechanics,112108312,Elective
Advanced Mechanics,112108313,Elective
Advanced Mechanics,112101312,Elective
Advanced Mechanics,112105770,Elective
Advanced Mechanics,127108778,Elective
Propulsion,To,Elective
Propulsion,Be,Elective
Propulsion,Developed,Elective
Propulsion,112108615,Elective
Propulsion,112103617,Elective
Propulsion,127108778,Elective
Propulsion,112101906,Elective
Propulsion,101104806,Elective
Propulsion,112106913,Elective
Energy Systems,112105221,Elective
Energy Systems,102104057,Elective
Energy Systems,103107125,Elective
Energy Systems,109106161,Elective
Energy Systems,121106014,Elective
Energy Systems,103107157,Elective
Energy Systems,112103281,Elective
Energy Systems,112107283,Elective
Energy Systems,112103277,Elective
Energy Systems,112104300,Elective
Energy Systems,112103297,Elective
Energy Systems,112103313,Elective
Energy Systems,112108615,Elective
Energy Systems,103105680,Elective
Energy Systems,112104769,Elective
Energy Systems,127108778,Elective
Energy Systems,112105908,Elective
Energy Systems,112106913,Elective
Energy Systems,112106914,Elective
Energy Systems,112105909,Elective
Manufacturing Processes and Technology,112105231,Elective
Manufacturing Processes and Technology,112105233,Elective
Manufacturing Processes and Technology,112105232,Elective
Manufacturing Processes and Technology,112105212,Elective
Manufacturing Processes and Technology,112104225,Elective
Manufacturing Processes and Technology,112104265,Elective
Manufacturing Processes and Technology,113106070,Elective
Manufacturing Processes and Technology,112107238,Elective
Manufacturing Processes and Technology,112103273,Elective
Manufacturing Processes and Technology,112106249,Elective
Manufacturing Processes and Technology,112107292,Elective
Manufacturing Processes and Technology,112104289,Elective
Manufacturing Processes and Technology,112104290,Elective
Manufacturing Processes and Technology,112103279,Elective
Manufacturing Processes and Technology,112105294,Elective
Manufacturing Processes and Technology,112107298,Elective
Manufacturing Processes and Technology,112103299,Elective
Manufacturing Processes and Technology,112104301,Elective
Manufacturing Processes and Technology,112106298,Elective
Manufacturing Processes and Technology,112106300,Elective
Manufacturing Processes and Technology,112108298,Elective
Manufacturing Processes and Technology,112104298,Elective
Manufacturing Processes and Technology,112103305,Elective
Manufacturing Processes and Technology,112103306,Elective
Manufacturing Processes and Technology,112101304,Elective
Manufacturing Processes and Technology,112103312,Elective
Manufacturing Processes and Technology,112104312,Elective
Manufacturing Processes and Technology,112104616,Elective
Manufacturing Processes and Technology,112103618,Elective
Manufacturing Processes and Technology,112106622,Elective
Manufacturing Processes and Technology,112101623,Elective
Manufacturing Processes and Technology,113108632,Elective
Manufacturing Processes and Technology,112103774,Elective
Manufacturing Processes and Technology,127108778,Elective
Manufacturing Processes and Technology,112105910,Elective
Product Design,112104252,Elective
Product Design,107103084,Elective
Product Design,107103085,Elective
Product Design,107103081,Elective
Product Design,109103101,Elective
Product Design,112105234,Elective
Product Design,112106249,Elective
Product Design,112107289,Elective
Product Design,112108298,Elective
Product Design,112104298,Elective
Product Design,112104272,Elective
Product Design,112105294,Elective
Product Design,112107298,Elective
Product Design,112104301,Elective
Product Design,112106298,Elective
Product Design,112103305,Elective
Product Design,112103306,Elective
Product Design,112101304,Elective
Product Design,126105547,Elective
Product Design,112102773,Elective
Product Design,127108778,Elective
Product Design,112105910,Elective
Advanced Dynamics and Vibration,112107289,Elective
Advanced Dynamics and Vibration,112104212,Elective
Advanced Dynamics and Vibration,112106225,Elective
Advanced Dynamics and Vibration,112107290,Elective
Advanced Dynamics and Vibration,112108285,Elective
Advanced Dynamics and Vibration,112103296,Elective
Advanced Dynamics and Vibration,112104299,Elective
Advanced Dynamics and Vibration,112106304,Elective
Advanced Dynamics and Vibration,112108312,Elective
Advanced Dynamics and Vibration,112108313,Elective
Advanced Dynamics and Vibration,112101312,Elective
Advanced Dynamics and Vibration,112107619,Elective
Advanced Dynamics and Vibration,127108778,Elective
Computational Mechanics,112106289,Elective
Computational Mechanics,112108285,Elective
Computational Mechanics,112101298,Elective
Computational Mechanics,112103296,Elective
Computational Mechanics,112103299,Elective
Computational Mechanics,112103301,Elective
Computational Mechanics,112105299,Elective
Computational Mechanics,112105304,Elective
Computational Mechanics,112108313,Elective
Computational Mechanics,112101312,Elective
Computational Mechanics,127108778,Elective
Robotics,108108147,Elective
Robotics,108105102,Elective
Robotics,117105135,Elective
Robotics,108101126,Elective
Robotics,108102145,Elective
Robotics,106105159,Elective
Robotics,108105088,Elective
Robotics,112105268,Elective
Robotics,112106248,Elective
Robotics,112107214,Elective
Robotics,112101304,Elective
Robotics,112103280,Elective
Robotics,106102220,Elective
Robotics,106105152,Elective
Robotics,106106139,Elective
Robotics,106106213,Elective
Robotics,106106202,Elective
Robotics,106106143,Elective
Robotics,106105215,Elective
Robotics,106106184,Elective
Robotics,112104308,Elective
Robotics,112105621,Elective
Robotics,112106772,Elective
Robotics,127108778,Elective
Materials Joining,112103244,Elective
Materials Joining,113106070,Elective
Materials Joining,113106067,Elective
Materials Joining,113106082,Elective
Materials Joining,113107091,Elective
Materials Joining,113101098,Elective
Materials Joining,113101099,Elective
Materials Joining,112103299,Elective
Materials Joining,113104101,Elective
Materials Joining,113104104,Elective
Materials Joining,113106635,Elective
Materials Joining,112101623,Elective
Materials Joining,113108632,Elective
Electronic Materials,113104084,Elective
Electronic Materials,113106034,Elective
Electronic Materials,115106127,Elective
Electronic Materials,113104104,Elective
Electronic Materials,113108515,Elective
Electronic Materials,127105531,Elective
Materials Characterization,113106081,Elective
Materials Characterization,113106070,Elective
Materials Characterization,104105084,Elective
Materials Characterization,113105103,Elective
Materials Characterization,113104104,Elective
Materials Characterization,113104634,Elective
Materials Characterization,113108760,Elective
Minor in Metallurgy,To,Elective
Minor in Metallurgy,Be,Elective
Minor in Metallurgy,Developed,Elective
Minor in Metallurgy,113107096,Elective
Minor in Metallurgy,105105171,Elective
Minor in Metallurgy,113102109,Elective
Minor in Metallurgy,113106087,Elective
Minor in Metallurgy,113106098,Elective
Minor in Metallurgy,113104089,Elective
Minor in Metallurgy,113107091,Elective
Minor in Metallurgy,113101096,Elective
Minor in Metallurgy,113104096,Elective
Minor in Metallurgy,113104097,Elective
Minor in Metallurgy,113104101,Elective
Minor in Metallurgy,113104104,Elective
Minor in Metallurgy,113104529,Elective
Minor in Metallurgy,113104516,Elective
Minor in Metallurgy,112103528,Elective
Minor in Metallurgy,113105633,Elective
Minor in Metallurgy,112107767,Elective
Minor in Metallurgy,113104775,Elective
Minor in Metallurgy,113106776,Elective
Minor in Materials Science,113106062,Elective
Minor in Materials Science,113106093,Elective
Minor in Materials Science,113104102,Elective
Minor in Materials Science,112106227,Elective
Minor in Materials Science,113106635,Elective
Minor in Materials Science,103104569,Elective
Minor in Materials Science,113101096,Elective
Minor in Materials Science,113104761,Elective
Minor in Materials Science,113108922,Elective
Minor in Materials Science,115105789,Elective
Foundations of Mathematics,111106113,Elective
Foundations of Mathematics,111106141,Elective
Foundations of Mathematics,111106150,Elective
Foundations of Mathematics,106106183,Elective
Foundations of Mathematics,111106149,Elective
Foundations of Mathematics,111106131,Elective
Foundations of Mathematics,111104521,Elective
Algebra,111101137,Elective
Algebra,111106138,Elective
Algebra,111106145,Elective
Algebra,111108898,Elective
Algebra,111105161,Elective
Algebra,111106149,Elective
Algebra,111106155,Elective
Algebra,111104524,Elective
Algebra,111106158,Elective
Algebra,111108609,Elective
English Studies,109106135,Elective
English Studies,109103140,Elective
English Studies,109106172,Elective
English Studies,109106145,Elective
English Studies,109106099,Elective
English Studies,109106168,Elective
English Studies,109106170,Elective
English Studies,109104116,Elective
English Studies,109106147,Elective
English Studies,109106189,Elective
English Studies,109107191,Elective
English Studies,109106500,Elective
English Studies,109106603,Elective
English Studies,109106186,Elective
English Studies,109103753,Elective
English Studies,109106887,Elective
Psychology,109104108,Elective
Psychology,109104096,Elective
Psychology,109104151,Elective
Psychology,109104143,Elective
Psychology,109103152,Elective
Psychology,109107132,Elective
Psychology,109106085,Elective
Psychology,109103136,Elective
Psychology,109106095,Elective
Psychology,109106168,Elective
Psychology,109105199,Elective
Psychology,109105493,Elective
Psychology,110101165,Elective
Psychology,109103540,Elective
Psychology,109107541,Elective
Psychology,109103598,Elective
Psychology,109104666,Elective
Psychology,109105880,Elective
Psychology,106104844,Elective
Psychology,109105884,Elective
Sports Science,109106401,Elective
Sports Science,109105596,Elective
Sports Science,109106407,Elective
Sports Science,109106645,Elective
Sports Science,109106888,Elective
Sports Science,109106890,Elective
Sports Science,109106891,Elective
Sustainable Surface Mining Engineering,113105107,Elective
Sustainable Surface Mining Engineering,113105104,Elective
Sustainable Surface Mining Engineering,123105442,Elective
Sustainable Surface Mining Engineering,123105923,Elective